Appendix,Scientific_Name
APPENDIX I ,Agave parviflora 
APPENDIX I ,Agave hartmanii
APPENDIX I ,Pachypodium ambongense
APPENDIX I ,Pachypodium baronii
APPENDIX I ,Pachypodium baronii var.baronii  
APPENDIX I ,Pachypodium baronii var.erythreum
APPENDIX I ,Pachypodium decaryi
APPENDIX I ,Araucaria araucana
APPENDIX I ,Abies araucana
APPENDIX I ,Araucaria araucana
APPENDIX I ,Araucaria araucana subsp. conguillioensis
APPENDIX I ,Araucaria araucana var. angustifolia
APPENDIX I ,Araucaria araucana var. aurea
APPENDIX I ,Araucaria chilensis
APPENDIX I ,Araucaria dombeyi
APPENDIX I ,Araucaria imbricata
APPENDIX I ,Araucaria imbricata var. aurea
APPENDIX I ,Araucaria imbricata var. platifolia
APPENDIX I ,Araucaria imbricata var. variegata
APPENDIX I ,Columbea imbricata
APPENDIX I ,Columbea imbricata var. densa
APPENDIX I ,Columbea imbricata var. denudata
APPENDIX I ,Columbea imbricata var. distans
APPENDIX I ,Columbea imbricata var. latifolia
APPENDIX I ,Columbea imbricata var. striata
APPENDIX I ,Columbea imbricata var. variegata
APPENDIX I ,Columbea quadrifaria
APPENDIX I ,Pinus araucana
APPENDIX I ,Ariocarpus spp. 
APPENDIX I ,Astrophytum asterias 
APPENDIX I ,Astrophytum asterias var. magnipunctatum
APPENDIX I ,Astrophytum asterias var. multipunctatum
APPENDIX I ,Astrophytum asterias var. nudicarpa
APPENDIX I ,Astrophytum asterias var. nudum
APPENDIX I ,Astrophytum asterias var. pubescente
APPENDIX I ,Astrophytum asterias var. roseiflorum
APPENDIX I ,Astrophytum asterias var. seminudum
APPENDIX I ,Echinocactus asterias
APPENDIX I ,Echinocactus asterias var. nudus
APPENDIX I ,Aztekium ritteri 
APPENDIX I ,Echinocactus ritteri
APPENDIX I ,Coryphantha werdermannii
APPENDIX I ,Coryphantha werdermannii subsp. unguispina
APPENDIX I , Discocactus spp. 
APPENDIX I ,Echinocereus ferreiranus ssp. Lindsayorum
APPENDIX I ,Echinocereus ferreiranus var. lindsayorum
APPENDIX I ,Echinocereus lindsayi
APPENDIX I ,Echinocereus lindsayorum
APPENDIX I , Echinocereus schmollii 
APPENDIX I ,Cereus schmollii
APPENDIX I ,Wilcoxia nerispina
APPENDIX I ,Wilcoxia schmollii
APPENDIX I ,Wilcoxia schmollii var. lanata
APPENDIX I ,Escobaria minima 
APPENDIX I ,Coryphantha minima
APPENDIX I ,Coryphantha nellieae
APPENDIX I ,Escobaria nellieae
APPENDIX I ,Mammillaria nellieae
APPENDIX I ,Neobesseya minima
APPENDIX I ,Escobaria sneedii 
APPENDIX I ,Coryphantha albicolumnaria
APPENDIX I ,Coryphantha sneedii
APPENDIX I ,Coryphantha sneedii var. albicolumnaria
APPENDIX I ,Coryphantha sneedii var. guadalupensis
APPENDIX I ,Escobaria albicolumnaria
APPENDIX I ,Escobaria guadalupensis
APPENDIX I ,Escobaria sneedii subsp. albicolumnaria
APPENDIX I ,Mammillaria sneedii
APPENDIX I ,Mammillaria pectinifera (Includes ssp. Solisioidesi)
APPENDIX I ,Mammillaria pectinifera f. solisioides
APPENDIX I ,Mammillaria solisioides
APPENDIX I ,Solisia solisioides
APPENDIX I ,Melocactus conoideus 
APPENDIX I ,Melocactus deinacanthus 
APPENDIX I ,Melocactus glaucescens 
APPENDIX I ,Melocactus glaucencens
APPENDIX I ,Melocactus paucispinus 
APPENDIX I ,Obregonia denegrii 
APPENDIX I ,Ariocarpus denegrii
APPENDIX I ,Strombocactus denegrii
APPENDIX I ,Pachycereus militaris 
APPENDIX I ,Backebergia militaris
APPENDIX I ,Backebergia militaris
APPENDIX I ,Cephalocereus chrysomallus
APPENDIX I ,Cephalocereus militaris
APPENDIX I ,Cereus chrysomallus
APPENDIX I ,Cereus militaris
APPENDIX I ,Mitrocereus chrysomallus
APPENDIX I ,Mitrocereus chrysomallus
APPENDIX I ,Mitrocereus militaris
APPENDIX I ,Pachycereus chrysomallus
APPENDIX I ,Pachycereus militaris
APPENDIX I ,Pilocereus chrysomallus
APPENDIX I ,Pilocereus militaris
APPENDIX I ,Pediocactus bradyi 
APPENDIX I ,Pediocactella bradyi
APPENDIX I ,Pediocactus simpsonii subsp. bradyi
APPENDIX I ,Puebloa bradyi (L.D.Benson)
APPENDIX I ,Toumeya bradyi (L.D.Benson)
APPENDIX I ,Pediocactus knowltonii 
APPENDIX I ,Pediocactus bradyi var. knowltonii
APPENDIX I ,Pediocactus simpsonii var. knowltonii
APPENDIX I ,Pediocactus paradinei 
APPENDIX I ,Pediocactus simpsonii var. paradinei
APPENDIX I ,Pilocanthus paradinei
APPENDIX I ,Pediocactus peeblesianus 
APPENDIX I ,Echinocactus peeblesianus
APPENDIX I ,Navajoa peeblesiana
APPENDIX I ,Navajoa peeblesiana
APPENDIX I ,Navajoa peeblesiana
APPENDIX I ,Navajoa peeblesiana subsp. menzelii
APPENDIX I ,Neonavajoa peeblesiana
APPENDIX I ,Pediocactus peeblesianus
APPENDIX I ,Pediocactus peeblesianus
APPENDIX I ,Pediocactus peeblesianus var. maianus
APPENDIX I ,Toumeya peeblesiana
APPENDIX I ,Utahia peeblesiana
APPENDIX I ,Pediocactus sileri
APPENDIX I ,Echinocactus sileri
APPENDIX I ,Utahia sileri
APPENDIX I ,Pelecyphora spp. 
APPENDIX I ,Sclerocactus blainei 
APPENDIX I ,Pediocactus spinosior subsp. blainei
APPENDIX I ,Pediocactus spinosior var. schlesseri
APPENDIX I ,Sclerocactus schlesseri
APPENDIX I ,Sclerocactus spinosior subsp. blainei
APPENDIX I ,Sclerocactus spinosior var. blainei
APPENDIX I ,Sclerocactus spinosior var. schlesseri
APPENDIX I ,Sclerocactus brevihamatus ssp. tobuschii 
APPENDIX I ,Ancistrocactus scheeri subsp. tobuschii
APPENDIX I ,Ancistrocactus tobuschii
APPENDIX I ,Ferocactus tobuschii
APPENDIX I ,Mammillaria tobuschii
APPENDIX I ,Pediocactus brevihamatus subsp. tobuschii
APPENDIX I ,Ancistrocactus scheeri subsp. tobuschii
APPENDIX I ,Ancistrocactus tobuschii
APPENDIX I ,Ferocactus tobuschii
APPENDIX I ,Mammillaria tobuschii
APPENDIX I ,Pediocactus brevihamatus subsp. tobuschii
APPENDIX I ,Sclerocactus brevispinus 
APPENDIX I ,Pediocactus wetlandicus f. ilseae
APPENDIX I ,Sclerocactus wetlandicus subsp. ilseae
APPENDIX I ,Sclerocactus wetlandicus var. ilseae
APPENDIX I ,Sclerocactus whipplei var. ilseae
APPENDIX I ,Sclerocactus cloverae 
APPENDIX I ,Pediocactus cloverae
APPENDIX I ,Pediocactus cloverae subsp. brackii
APPENDIX I ,Sclerocactus cloverae subsp. brackii
APPENDIX I ,Sclerocactus whipplei subsp. cloverae
APPENDIX I ,Sclerocactus whipplei subvar. aztecia
APPENDIX I ,Sclerocactus whipplei var. reevesii
APPENDIX I ,Sclerocactus erectocentrus 
APPENDIX I ,Echinocactus beguinii
APPENDIX I ,Echinocactus erectocentrus
APPENDIX I ,Echinomastus erectocentrus
APPENDIX I ,Echinomastus erectocentrus subsp. erectocentrus  
APPENDIX I ,Gymnocactus beguinii
APPENDIX I ,Neolloydia beguinii
APPENDIX I ,Neolloydia erectocentra
APPENDIX I ,Neolloydia smithii var. beguinii
APPENDIX I ,Pediocactus erectocentrus
APPENDIX I ,Sclerocactus johnsonii subsp. erectocentrus
APPENDIX I ,Thelocactus erectocentrus
APPENDIX I ,Sclerocactus glaucus 
APPENDIX I ,Echinocactus glaucus
APPENDIX I ,Echinocactus glaucus
APPENDIX I ,Echinocactus subglaucus
APPENDIX I ,Echinocactus whipplei var. glaucus
APPENDIX I ,Ferocactus glaucus
APPENDIX I ,Pediocactus glaucus
APPENDIX I ,Sclerocactus franklinii
APPENDIX I ,Sclerocactus whipplei var. glaucus
APPENDIX I ,Sclerocactus mariposensis 
APPENDIX I ,Echinomastus mariposensis
APPENDIX I ,Echinomastus mariposensis subsp. fischeri
APPENDIX I ,Neolloydia mariposensis
APPENDIX I ,Pediocactus mariposensis
APPENDIX I ,Sclerocactus mesae-verdae 
APPENDIX I ,Coloradoa mesae-verdae
APPENDIX I ,Echinocactus mesae-verdae
APPENDIX I ,Ferocactus mesae-verdae
APPENDIX I ,Pediocactus mesae-verdae
APPENDIX I ,Sclerocactus nyensis 
APPENDIX I ,Pediocactus nyensis
APPENDIX I ,Sclerocactus spinosior subsp. nyensis
APPENDIX I ,Sclerocactus papyracanthus 
APPENDIX I ,Echinocactus papyracanthus
APPENDIX I ,Mammillaria papyracantha
APPENDIX I ,Pediocactus papyracanthus
APPENDIX I ,Toumeya papyracantha
APPENDIX I ,Sclerocactus pubispinus 
APPENDIX I ,Echinocactus pubispinus
APPENDIX I ,Ferocactus pubispinus
APPENDIX I ,Pediocactus pubispinus
APPENDIX I ,Sclerocactus sileri 
APPENDIX I ,Pediocactus pubispinus subsp. sileri
APPENDIX I ,Sclerocactus pubispinus var. sileri
APPENDIX I ,Sclerocactus wetlandicus 
APPENDIX I ,Pediocactus wetlandicus
APPENDIX I ,Sclerocactus glaucus subsp. wetlandicus
APPENDIX I ,Sclerocactus wrightiae 
APPENDIX I ,Ferocactus wrightiae
APPENDIX I ,Pediocactus wrightiae
APPENDIX I ,Strombocactus spp.
APPENDIX I , Turbinicarpus spp.
APPENDIX I , Uebelmannia spp.
APPENDIX I ,Saussurea costus
APPENDIX I ,Fitzroya cupressoides
APPENDIX I ,Cupresstellata patagonica
APPENDIX I ,Fitzroya patagonica
APPENDIX I ,Libocedrus cupressoides
APPENDIX I ,Pinus cupressoides
APPENDIX I ,Pilgerodendron uviferum
APPENDIX I ,Juniperus uvifera
APPENDIX I ,Libocedrus tetragona
APPENDIX I ,Libocedrus uvifera
APPENDIX I ,Thuja tetragona
APPENDIX I ,Cycas beddomei
APPENDIX I ,Cycas circinalis var. beddomei
APPENDIX I ,Cycas pluma
APPENDIX I ,Euphorbia ambovombensis
APPENDIX I ,Euphorbia capsaintemariensis
APPENDIX I ,"Euphorbia cremersii
(Includes thefomza viridifolia and the variety rakotozafyi."
APPENDIX I ,"Euphorbia cylindrifolia
(Includes the subspecies tuberifera.)"
APPENDIX I ,Euphorbia cylindrifolia subsp.cylindrifolia 
APPENDIX I ,"Euphorbia decaryi (Includes the varieties ampanihyensis, robinsonii and spirosticha)."
APPENDIX I ,Euphorbia francoisii
APPENDIX I ,Euphorbia francoisii var. francoisii  
APPENDIX I ,"Euphorbia moratii (Includes the varieties antsingiensis, bemarahensis and multiflora.) "
APPENDIX I ,Euphorbia parvicyathophora 
APPENDIX I ,Euphorbia quartziticola 
APPENDIX I ,Euphorbia tulearensis
APPENDIX I ,Euphorbia cap-saintemariensis var. tulearensis
APPENDIX I ,Fouquieria fasciculata 
APPENDIX I ,Bronnia spinosa
APPENDIX I ,Fouquieria purpusii
APPENDIX I ,Aloe albida 
APPENDIX I ,Aloe kraussii var. minor
APPENDIX I ,Aloe myriacantha var. minor
APPENDIX I ,Leptaloe albida
APPENDIX I ,Aloe albiflora 
APPENDIX I ,Guillauminia albiflora
APPENDIX I ,Aloe alfredii 
APPENDIX I ,Aloe bakeri
APPENDIX I ,Guillauminia bakeri
APPENDIX I , Aloe bellatula 
APPENDIX I ,Guillauminia bellatula
APPENDIX I ,Aloe calcairophila 
APPENDIX I ,Guillauminia calcairophila
APPENDIX I ,Guillauminia calcairophylla
APPENDIX I ,"Aloe compressa (Includes the varieties paucituberculata, rugosquamosa and schistophila)."
APPENDIX I ,Aloe delphinensis 
APPENDIX I ,Aloe descoingsii 
APPENDIX I ,Guillauminia descoingsii
APPENDIX I ,Aloe fragilis 
APPENDIX I ,Aloe haworthioides (Includes the variety aurantiaca).
APPENDIX I ,Aloinella haworthioides
APPENDIX I ,Lemeea haworthioides
APPENDIX I ,Aloe helenae 
APPENDIX I ,Aloe laeta (Includes the variety maniaensis.) 
APPENDIX I ,Aloe parallelifolia 
APPENDIX I ,Aloe parvula
APPENDIX I ,Aloe sempervivoides
APPENDIX I ,Lemeea parvula
APPENDIX I ,Aloe pillansii 
APPENDIX I ,Aloe dichotoma subsp. pillansii
APPENDIX I ,Aloe pillansii
APPENDIX I ,Aloe pillansii
APPENDIX I ,Aloe polyphylla 
APPENDIX I ,Aloe rauhii 
APPENDIX I ,Guillauminia rauhii
APPENDIX I ,Aloe suzannae 
APPENDIX I ,Aloe versicolor
APPENDIX I ,Aloe vossii 
APPENDIX I ,Aerangis ellisii 
APPENDIX I ,Aerangis alata
APPENDIX I ,Aerangis buysonii
APPENDIX I ,Aerangis caulescens
APPENDIX I ,Aerangis ellisii var. grandiflora
APPENDIX I ,Aerangis platyphylla
APPENDIX I ,Angorchis ellisii
APPENDIX I ,Angraecum buyssonii
APPENDIX I ,Angraecum dubuyssonii
APPENDIX I ,Angraecum ellisii
APPENDIX I ,Cattleya jongheana 
APPENDIX I ,Bletia jongheana
APPENDIX I ,Hadrolaelia jongheana
APPENDIX I ,Laelia jongheana
APPENDIX I ,Sophronitis jongheana
APPENDIX I ,Cattleya lobata 
APPENDIX I ,Bletia boothiana
APPENDIX I ,Bletia lobata
APPENDIX I ,Brasilaelia lobata
APPENDIX I ,Chironiella lobata
APPENDIX I ,Hadrolaelia lobata
APPENDIX I ,Laelia boothiana
APPENDIX I ,Laelia lobata
APPENDIX I ,Laelia lobata var. alba
APPENDIX I ,Laelia rivieri
APPENDIX I ,Sophronitis lobata
APPENDIX I ,Dendrobium cruentum 
APPENDIX I ,Callista cruenta
APPENDIX I ,Mexipedium xerophyticum 
APPENDIX I ,Paphiopedilum xerophyticum
APPENDIX I ,Phragmipedium xerophyticum
APPENDIX I ,Paphiopedilum spp. 
APPENDIX I ,Peristeria elata 
APPENDIX I ,Phragmipedium spp. 
APPENDIX I ,Renanthera imschootiana
APPENDIX I ,Renanthera papilio
APPENDIX I ,Dypsis decipiens 
APPENDIX I ,Chrysalidocarpus decipiens
APPENDIX I ,Macrophloga decipiens
APPENDIX I ,Abies guatemalensis 
APPENDIX I ,Abies guatemalensis subsp. ixtepejiensis
APPENDIX I ,Abies guatemalensis subsp. longibracteata
APPENDIX I ,Abies guatemalensis subsp. rushforthii
APPENDIX I ,Abies guatemalensis subsp. tamaulipasensis
APPENDIX I ,Abies guatemalensis subsp. zapotekensis
APPENDIX I ,Abies guatemalensis var. guatemalensis  
APPENDIX I ,Abies guatemalensis var. ixtepejiensis
APPENDIX I ,Abies guatemalensis var. longibracteata
APPENDIX I ,Abies guatemalensis var. rushforthii
APPENDIX I ,Abies guatemalensis var. tacanensis
APPENDIX I ,Abies guatemalensis var. tamaulipasensis
APPENDIX I ,Abies tacanensis
APPENDIX I ,Abies zapotekensis
APPENDIX I ,Podocarpus parlatorei 
APPENDIX I ,Nageia angustifolia
APPENDIX I ,Podocarpus angustifolius
APPENDIX I ,Balmea stormae 
APPENDIX I ,Sarracenia oreophila 
APPENDIX I ,Sarracenia rubra ssp. alabamensis 
APPENDIX I ,Sarracenis rubra ssp. jonesii 
APPENDIX I ,Sarracenia rubra f. jonesii
APPENDIX I ,Stangeria eriopus
APPENDIX I ,Stangeria katzeri
APPENDIX I ,Stangeria paradoxa
APPENDIX I ,Stangeria sanderiana
APPENDIX I ,Stangeria schizodon
APPENDIX I ,Ceratozamia spp.
APPENDIX I , Encephalartos spp. 
APPENDIX I ,Microcycas calocoma
APPENDIX I ,Zamia calocoma
APPENDIX I , Zamia restrepoi
APPENDIX I ,Chigua bernalii
APPENDIX I ,Chigua restrepoi
SCHEDULE III,Strobilanthes kunthianus
SCHEDULE III, Coptis teeta
SCHEDULE III,Coptis teetoides
SCHEDULE III,Helleborus teeta
SCHEDULE III,Coscinium fenestratum
SCHEDULE III,Coscinium maingayi
SCHEDULE III,Coscinium miosepalum
SCHEDULE III,Coscinium peltatum
SCHEDULE III,Coscinium usitatum
SCHEDULE III,Coscinium wallichianum
SCHEDULE III,Coscinium wightianum
SCHEDULE III,Menispermum fenestratum
SCHEDULE III,Pereiria medica
SCHEDULE III, Taxus wallichiana
SCHEDULE III,Cephalotaxus celebica
SCHEDULE III,Cephalotaxus sumatrana
SCHEDULE III,Podocarpus celebicus
SCHEDULE III,Taxus baccata subsp. wallichiana
SCHEDULE III,Taxus baccata var. wallichiana
SCHEDULE III,Taxus celebica (Warb.)
SCHEDULE III,Taxus chinensis var. yunnanensis
SCHEDULE III,Taxus contorta var. mucronata
SCHEDULE III,Taxus nucifera
SCHEDULE III,Taxus obscura
SCHEDULE III,Taxus orientalis
SCHEDULE III,Taxus phytonii
SCHEDULE III,Taxus suffnesii
SCHEDULE III,Taxus sumatrana subsp. celebica
SCHEDULE III,Taxus sumatrana subsp. obscura
SCHEDULE III,Taxus sumatrana subsp. rehderiana
SCHEDULE III,Taxus wallichiana subsp. yunnanensis (W.C.Cheng & L.K.Fu)
SCHEDULE III,Taxus wallichiana var. wallichiana
SCHEDULE III,Taxus wallichiana var. yunnanensis
SCHEDULE III,Taxus yunnanensis
SCHEDULE III, Vanda coerulea
SCHEDULE III,Vanda coerulea f. delicata
SCHEDULE III,Vanda coerulea f. luwangalba
SCHEDULE III,Vanda coerulea f. rogersii
SCHEDULE III,Vanda coerulea var. rogersii
SCHEDULE III, Nepenthes khasiana
SCHEDULE III,Nepenthes rubra
SCHEDULE III,Renanthera imschootiana
SCHEDULE III,Renanthera papilio
SCHEDULE III,Cycas spp.
SCHEDULE III, Ceropegias spp.
SCHEDULE III, Aenhenrya rotundifolia
SCHEDULE III,Aenhenrya agastyamalayana
SCHEDULE III,Anoectochilus rotundifolius
SCHEDULE III,Odontochilus rotundifolius
SCHEDULE III, Odontochilus grandiflorus
SCHEDULE III,Anoectochilus grandiflorus
SCHEDULE III,Cystopus grandiflorus
SCHEDULE III,Odontochilus trapterus
SCHEDULE III, Rhomboda pulchra
SCHEDULE III,Zeuxine pulchra
SCHEDULE III, Vrydagzynea viridiflora
SCHEDULE III, Zeuxine andamanica
SCHEDULE III, Ipsea malabarica
SCHEDULE III,Pachystoma malabaricum
SCHEDULE III,Spathoglottis malabarica
SCHEDULE III, Habenaria batesii
SCHEDULE III,Habenaria praetermissa
SCHEDULE III,Podandriella batesii
SCHEDULE III, Podophyllum hexandrum
SCHEDULE III,Dysosma emodi
SCHEDULE III,Podophyllum emodi
SCHEDULE III,Podophyllum emodi var. chinense
SCHEDULE III,Podophyllum emodi var. hexandrum
SCHEDULE III,Podophyllum hexandrum var. chinense
SCHEDULE III,Podophyllum sikkimense
SCHEDULE III,Sinopodophyllum emodi
SCHEDULE III,Sinopodophyllum hexandrum
SCHEDULE III,Sinopodophyllum hexandrum var. chinense
SCHEDULE III,Sinopodophyllum hexandrum var. emodi
SCHEDULE III,Podophyllum hexandrum
SCHEDULE III,Dysosma emodi
SCHEDULE III,Podophyllum emodi
SCHEDULE III,Podophyllum emodi var. chinense
SCHEDULE III,Podophyllum emodi var. hexandrum
SCHEDULE III,Podophyllum hexandrum var. chinense
SCHEDULE III,Podophyllum sikkimense
SCHEDULE III,Sinopodophyllum emodi
SCHEDULE III,Sinopodophyllum hexandrum
SCHEDULE III,Sinopodophyllum hexandrum var. chinense
SCHEDULE III,Sinopodophyllum hexandrum var. emodi
SCHEDULE III, Dolomiaea costus
APPENDIX II,Agave victoriae-reginae 
APPENDIX II,Nolina interrata
APPENDIX II, Yucca queretaroensi
APPENDIX II,Agavaceae
APPENDIX II,Dracaenaceae
APPENDIX II,Eriospermaceae
APPENDIX II,Hyacinthaceae
APPENDIX II,Galanthus spp. 
APPENDIX II,Sternbergia spp.
APPENDIX II,Operculicarya decaryi
APPENDIX II,Operculicarya hyphaenoides
APPENDIX II,Operculicarya pachypus 
APPENDIX II,Hoodia spp.
APPENDIX II,"Pachypodium spp. 
(Except the species included in Appendix D"
APPENDIX II,Rauvolfia serpentina 
APPENDIX II,Ophioxylon album
APPENDIX II,Ophioxylon obversum
APPENDIX II,Ophioxylon salutiferum
APPENDIX II,Ophioxylon serpentinum
APPENDIX II,Ophioxylon trifoliatum
APPENDIX II,Rauvolfia obversa
APPENDIX II,Rauvolfia serpentina var. obversa
APPENDIX II,Rauvolfia trifoliata
APPENDIX II,"Panax ginseng 
(Only the population of the Russian Federation; no oilier
population is included in the Appendices.)"
APPENDIX II,Aralia ginseng
APPENDIX II,Panax chin-seng
APPENDIX II,Panax quinquefolius var. ginseng
APPENDIX II,Panax schin-seng var. coraiensis
APPENDIX II,Panax verus
APPENDIX II,Panax quinquefolius
APPENDIX II,Aralia quinquefolia
APPENDIX II,Ginseng quinquefolium
APPENDIX II,Panax americanus
APPENDIX II,Panax americanus var. elatus
APPENDIX II,Panax americanus var. obovatus
APPENDIX II,Panax cuneatus
APPENDIX II,Panax quinquefolius var. americanus
APPENDIX II,Panax quinquefolius var. obovatus
APPENDIX II,Beaucamea spp. 
APPENDIX II,Podophyllum hexandrum
APPENDIX II,Dysosma emodi
APPENDIX II,Podophyllum emodi
APPENDIX II,Podophyllum emodi var. chinense
APPENDIX II,Podophyllum emodi var. hexandrum
APPENDIX II,Podophyllum hexandrum var. chinense
APPENDIX II,Podophyllum sikkimense
APPENDIX II,Sinopodophyllum emodi
APPENDIX II,Sinopodophyllum hexandrum
APPENDIX II,Sinopodophyllum hexandrum var. chinense
APPENDIX II,Sinopodophyllum hexandrum var. emodi
APPENDIX II,Tillandsia harrisii 
APPENDIX II,Tillandsia kammii 
APPENDIX II,Tillandsia xerographica
APPENDIX II,Tillandsia kruseana
APPENDIX II,Tillandsia tomasellii
APPENDIX II,Tillandsia xerographica
APPENDIX II,"CACTACEAE SPP.
(Except the species included in Appendix I and
except Pereskia spp .. Pereskiopsis spp. and Quiabentia spp.) "
APPENDIX II,Caryocar costaricens
APPENDIX II,Zygosicyos pubescens
APPENDIX II,Zygosicyos pubescens
APPENDIX II,Zygosicyos tripartitu
APPENDIX II,Widdringtonia whytei
APPENDIX II,Callitris whytei
APPENDIX II,Widdringtonia nodiflora subsp. whytei
APPENDIX II,Widdringtonia nodiflora var. whytei
APPENDIX II,Cyathea spp
APPENDIX II,"CYCADACEAE SPP. 
(Except the species included in Appendix I)"
APPENDIX II,Cibotium barometz
APPENDIX II,Aspidium barometz
APPENDIX II,Balantium glaucescens
APPENDIX II,Cibotium djambianum
APPENDIX II,Cibotium glaucescens
APPENDIX II,Cibotium glaucophyllum
APPENDIX II,Dicksonia assamica
APPENDIX II,Dicksonia barometz
APPENDIX II,Nephrodium barometz
APPENDIX II,Polypodium barometz
APPENDIX II,"Dicksonia spp.
(Only the populations of the Americas; no other population is
included in the Appendices)"
APPENDIX II,Dioscorea deltoidea
APPENDIX II,Dioscorea deltoidea var. deltoidea  
APPENDIX II,Dioscorea deltoidea var. orbiculata
APPENDIX II,Dioscorea nepalensis
APPENDIX II,Tamus nepalensis
APPENDIX II,Dionaea muscipula
APPENDIX II,Dionaea corymbos
APPENDIX II,Dionaea sensitiva
APPENDIX II,Dionaea sessiliflora
APPENDIX II,Dionaea uniflora
APPENDIX II,Drosera sessiliflora
APPENDIX II,Drosera uniflora
APPENDIX II,Diospyros spp
APPENDIX II,Fouquieria columnaris
APPENDIX II,Fouquieria gigantea
APPENDIX II,Idria columnaria
APPENDIX II,Oreomunnea pterocarpa
APPENDIX II,Engelhardia nicaraguensis
APPENDIX II,Engelhardia nicaraguensis
APPENDIX II,Engelhardia oreomunnea
APPENDIX II,Engelhardia pterocarpa
APPENDIX II,Oreamunoa pterocarpa
APPENDIX II,Aniba rosaeodora
APPENDIX II,Aniba duckei
APPENDIX II,Aniba rosaeodora var. amazonica
APPENDIX II,Dalbergia spp. (Except for the species listed in Appendix I and Dalbergia · sissoo and Dalbergia latifolia)
APPENDIX II, Guibourtia demeusei  
APPENDIX II,Copaifera demeusei
APPENDIX II,Copaifera laurentii
APPENDIX II,Guibourtia pellegriniana 
APPENDIX II,Guibourtia tessmannii 
APPENDIX II,Paubrasilia echinata 
APPENDIX II,Caesalpinia echinata
APPENDIX II,Caesalpinia obliqua
APPENDIX II,Guilandina echinata
APPENDIX II,Pericopsis elata
APPENDIX II, Afrormosia elata 
APPENDIX II, Platymiscium parviflorum
APPENDIX II,Platymiscium pleiostachyum
APPENDIX II, Pterocarpus erinaceus 
APPENDIX II,Drepanocarpus senegalensis
APPENDIX II,Echinodiscus erinaceus
APPENDIX II,Lingoum erinaceum
APPENDIX II,Pterocarpus adansonii
APPENDIX II,Pterocarpus africanus
APPENDIX II,Pterocarpus senegalensis
APPENDIX II,Pterocarpus santalinus 
APPENDIX II, Lingoum santalinum
APPENDIX II,Pterocarpus tinctorius 
APPENDIX II,Lingoum tinctorium
APPENDIX II,Pterocarpus holtzii
APPENDIX II,Pterocarpus kaessneri
APPENDIX II,Pterocarpus odoratus
APPENDIX II,Pterocarpus stolzii
APPENDIX II,Pterocarpus tinctorius var. macrophyllus
APPENDIX II,Pterocarpus tinctorius var. odoratus
APPENDIX II,Pterocarpus zimmermannii
APPENDIX II,Senna meridionalis
APPENDIX II,Cassia meridionalis
APPENDIX II,Cassia viguierella var. meridionalis
APPENDIX II,"Aloe spp.
(Except the species included in Appendix I. Also excludes Aloe
vera, also referenced as Aloe barbadensis which is not included
in the Appendices.)"
APPENDIX II,Adansonia grandidieri
APPENDIX II,"Cedrela spp.
(Populations of the Neotropics)"
APPENDIX II,Swietenia humilis
APPENDIX II,Swietenia bijuga
APPENDIX II,Swietenia cirrhata
APPENDIX II,Swietenia multijuga
APPENDIX II,"Swietenia macrophylla
(Populations of the Neotropics)"
APPENDIX II,Swietenia belizensis
APPENDIX II,Swietenia candollei
APPENDIX II,Swietenia macrophylla var. marabaensis
APPENDIX II,Swietenia tessmannii
APPENDIX II,Swietenia mahagoni 
APPENDIX II,Cedrela mahagoni
APPENDIX II,Swietenia acutifolia
APPENDIX II,Swietenia fabrilis
APPENDIX II,Swietenia mahagoni var. praecociflora
APPENDIX II,Swietenia mahogani
APPENDIX II,Swietenia mahogoni
APPENDIX II,"Nepenthes spp.
(Except the species included in Appendix I) "
APPENDIX II,"ORCHIDACEAE SPP. 
(Except for the species included in Appendix I)"
APPENDIX II,Cistanche deserticola
APPENDIX II,Cistanche deserticola var. flabellata
APPENDIX II,Beccariophoenix madagascariensis
APPENDIX II,Dypsis decaryi 
APPENDIX II,Neodypsis decaryi
APPENDIX II,Lemurophoenix halleuxii 
APPENDIX II, Marojejya darianii
APPENDIX II,Ravenea louvelii
APPENDIX II,Louvelia madagascariensis 
APPENDIX II, Ravenea rivularis
APPENDIX II, Satranala decussilvae
APPENDIX II, Voanioala gerardii
APPENDIX II,Adenia firingalavensis
APPENDIX II,Adenia firingalavensis var. firingalavensis  
APPENDIX II,Ophiocaulon firingalavense
APPENDIX II,Adenia olaboensis
APPENDIX II,Adenia olaboensis var. olaboensis  
APPENDIX II,Adenia subsessilifolia 
APPENDIX II,Uncarina grandidieri
APPENDIX II,Harpagophytum dimidiatum
APPENDIX II,Harpagophytum grandidieri
APPENDIX II,Uncaria grandidieri
APPENDIX II,Uncarina didieri
APPENDIX II,Uncarina dimidiata
APPENDIX II,Uncarina stellulifera 
APPENDIX II,Anacampseros spp.
APPENDIX II,Avonia spp. 
APPENDIX II,Lewisia serrata
APPENDIX II,Cyclamen spp
APPENDIX II,Adonis venalis 
APPENDIX II,Rothmannia venalis
APPENDIX II,Hydrastis canadensis 
APPENDIX II,Hydrastis trifolia 
APPENDIX II,Warneria canadensis
APPENDIX II,Prunus africana
APPENDIX II, Pygeum africanum
APPENDIX II,"Osyris lanceolata
(Populations of Burundi, Ethiopia, Kenya, Rwanda, Uganda and
the United Republic of Tanzania.)"
APPENDIX II,Osyris abyssinica
APPENDIX II,Osyris arborea
APPENDIX II,Osyris arborea var. rotundifolia
APPENDIX II,Osyris arborea var. stipitata
APPENDIX II,Osyris densifolia
APPENDIX II,Osyris divaricata
APPENDIX II,Osyris laeta
APPENDIX II,Osyris nepalensis
APPENDIX II,Osyris oblanceolata
APPENDIX II,Osyris parvifolia
APPENDIX II,Osyris pendula
APPENDIX II,Osyris quadripartita
APPENDIX II,Osyris quadripartita var. canariensis
APPENDIX II,Osyris rigidissima
APPENDIX II,Osyris tenuifolia
APPENDIX II,Osyris urundiensis
APPENDIX II,Osyris wightiana
APPENDIX II,Osyris wightiana var. rotundifolia
APPENDIX II,Osyris wightiana var. stipitata
APPENDIX II,"Sarracenia spp.
(Except the species included in Appendix I"
APPENDIX II,"Picrorhiza kurrooa
(Excludes Picrorhiza scrophulariiflora) "
APPENDIX II,Bowenia spp
APPENDIX II,"Taxus chinensis 
(Includes infraspecific taxa of this species)"
APPENDIX II,Taxus cuspidata (Includes infraspecific taxa of this species)
APPENDIX II,Cephalotaxus umbraculifera
APPENDIX II,Taxus baccata subsp. cuspidata
APPENDIX II,Taxus baccata var. cuspidata
APPENDIX II,Taxus baccata var. latifolia
APPENDIX II,Taxus baccata var. microcarpa
APPENDIX II,Taxus biternata
APPENDIX II,Taxus caespitosa
APPENDIX II,Taxus caespitosa var. latifolia
APPENDIX II,Taxus cuspidata f. aurescens
APPENDIX II,Taxus cuspidata f. densa
APPENDIX II,Taxus cuspidata f. fructu-luteo
APPENDIX II,Taxus cuspidata f. luteobaccata
APPENDIX II,Taxus cuspidata f. minima
APPENDIX II,Taxus cuspidata f. thayerae
APPENDIX II,Taxus cuspidata subsp. biternata
APPENDIX II,Taxus cuspidata var. caespitosa
APPENDIX II,Taxus cuspidata var. densa
APPENDIX II,Taxus cuspidata var. latifolia
APPENDIX II,Taxus cuspidata var. luteobaccata
APPENDIX II,Taxus cuspidata var. microcarpa
APPENDIX II,Taxus cuspidata var. minima
APPENDIX II,Taxus cuspidata var. umbraculifera
APPENDIX II,Taxus umbraculifera
APPENDIX II,Taxus umbraculifera var. microcarpa
APPENDIX II,"Taxus Jurana
(Includes infraspecific taxa of this species.)"
APPENDIX II,"Taxus sumatrana
(Includes infraspecific taxa of this species.)"
APPENDIX II,Cephalotaxus mannii
APPENDIX II,Taxus wallichiana 
APPENDIX II,Aquilegia spp.
APPENDIX II,Gonystylus spp.
APPENDIX II,Gyrinops spp. 
APPENDIX II,Cyphostemma elephantopus 
APPENDIX II,Cyphostemma laza
APPENDIX II,Cyphostemma laza var. laza  
APPENDIX II,Cyphostemma laza var. parvifolia
APPENDIX II,Cyphostemma montagnacii
APPENDIX II,Welwitschia mirobile
APPENDIX II,"ZAMIACEAE SPP.
(Except the species included in Appendix I) "
APPENDIX II,Hedychium philippinense 
APPENDIX II,"Siphonochilus aethiopicus
(Populations of Mozambique, South Africa, Eswatini and
Zimbabwe.) "
APPENDIX II,Cienkowskia aethiopica
APPENDIX II,Cienkowskiella aethiopica
APPENDIX II,Cienkowskiella evae
APPENDIX II,Kaempferia aethiopica
APPENDIX II,Kaempferia aethiopica var. angustifolia
APPENDIX II,Kaempferia dewevrei
APPENDIX II,Kaempferia ethelae
APPENDIX II,Kaempferia evae
APPENDIX II,Kaempferia natalensis
APPENDIX II,Kaempferia zambeziaca
APPENDIX II,Siphonochilus evae
APPENDIX II,Siphonochilus natalensis
APPENDIX II,Bulnesia sarmientoi 
APPENDIX II,Guaiacum spp.
APPENDIX III,Quercus mongolica
APPENDIX III,Quercus crispula var. manshurica
APPENDIX III,Quercus crispulimongolica
APPENDIX III,Quercus mongolica f. tomentosa
APPENDIX III,Quercus mongolica var. laciniata
APPENDIX III,Quercus mongolica var. manshurica (Koidz.)
APPENDIX III,Quercus mongolica var. mongolica  
APPENDIX III,Quercus mongolica var. tomentosa
APPENDIX III,Quercus mongolica var. typica
APPENDIX III,Quercus sessiliflora var. mongolica
APPENDIX III,Gnetum montanum
APPENDIX III,Gnetum montanum
APPENDIX III,Thoa montana
APPENDIX III,Dipteryx panamensis
APPENDIX III,Magnolia liliifera var. obovata
APPENDIX III,Fraxinus mandshurica
APPENDIX III,Fraxinus excelsa
APPENDIX III,Fraxinus excelsissima
APPENDIX III,Fraxinus mammifera
APPENDIX III,Fraxinus mandshurica subsp. brevipedicellata
APPENDIX III,Fraxinus mandshurica var. japonica
APPENDIX III,Fraxinus nigra subsp. mandshurica
APPENDIX III,Fraxinus nigra var. mandshurica
APPENDIX III,Lodoicea maldivica
APPENDIX III,Borassus sonneratii
APPENDIX III,Cocos maldivica
APPENDIX III,Cocos maritima
APPENDIX III,Lodoicea callypige
APPENDIX III,Lodoicea sechellarum
APPENDIX III,Lodoicea sonneratii
APPENDIX III,Meconopsis regia
APPENDIX III,Papaver regium
APPENDIX III,Pinus koraiensis
APPENDIX III,Apinus koraiensis
APPENDIX III,Pinus cembra var. excelsa
APPENDIX III,Pinus cembra var. mandschurica
APPENDIX III,Pinus koraiensis subsp. prokoraiensis
APPENDIX III,Pinus mandschurica
APPENDIX III,Pinus prokoraiensis
APPENDIX III,Pinus strobus
APPENDIX III,Strobus koraiensis
APPENDIX III,Podocarpus neriifolius
APPENDIX III,Margbensonia neriifolia
APPENDIX III,Nageia discolor
APPENDIX III,Nageia endlicheriana
APPENDIX III,Nageia leptostachya
APPENDIX III,Nageia neglecta
APPENDIX III,Nageia neriifolia
APPENDIX III,Podocarpus annamiensis var. hainanensis
APPENDIX III,Podocarpus discolor
APPENDIX III,Podocarpus endlicherianus
APPENDIX III,Podocarpus epiphyticus
APPENDIX III,Podocarpus junghuhnianus
APPENDIX III,Podocarpus leptostachyus
APPENDIX III,Podocarpus macrophyllus var. acuminatissimus
APPENDIX III,Podocarpus neriifolius subsp. decipiens
APPENDIX III,Podocarpus neriifolius subsp. penibukanensis
APPENDIX III,Podocarpus neriifolius subsp. staintonii
APPENDIX III,Podocarpus neriifolius var. decipiens
APPENDIX III,Podocarpus neriifolius var. linearis
APPENDIX III,Podocarpus neriifolius var. membranaceus
APPENDIX III,Podocarpus neriifolius var. penibukanensis
APPENDIX III,Podocarpus neriifolius var. polyanthus
APPENDIX III,Podocarpus neriifolius var. staintonii
APPENDIX III,Podocarpus polyanthus (Wasscher)
APPENDIX III,Tetracentron sinense
APPENDIX III,Tetracentron sinense var. himalense
